District,Extended School Services,Preschool                           ,Safe  Schools,Flex Focus (Combined total of the 3 programs) ,State Agency Childern (KECSAC) ,Gifted Talented,Read to Achieve,Community Education,Local Area Vocational Centers ,20% Vocational Funds,Math Achievement Fund,Total Allocation
Statute/Law,KRS 158.070,KRS 157.3175 KRS 157.226,KRS 158.442,KRS 157.3175 KRS 157.226,KRS 158.135,KRS 157.200,KRS 158.792,KRS 160.155-158,KRS 157.069,KRS 151B.025,KRS 158.844,
Budget Contact & Phone Number,Nicole Crosthwaite      502-564-1979,Nicole Crosthwaite      502-564-1979,Nicole Crosthwaite      502-564-1979,Nicole Crosthwaite      502-564-1979,"Teri Mason 
502-564-1979",Kristin Burton      502-564-1979,Leesa Unger           502-564-1979,Kristin Burton       502-564-1979,Lea Ann Lewis            502-564-4286,Lea Ann Lewis        502-564-4286,Shelby Power       502-564-1979,
MUNIS Project #,120F,135F,168F,,103F,130F,182F,110F,106F,18CF,10LF,
Adair  County," $97,609.00 "," $260,992.00 "," $51,456.00 "," $410,057.00 "," $157,720.00 "," $38,405.00 ",,,,,," $606,182.00 "
Allen County," $110,264.00 "," $359,959.00 "," $56,498.00 "," $526,721.00 ",," $38,486.00 ",," $20,000.00 ",,,," $585,207.00 "
Anchorage Ind.," $15,000.00 "," $6,744.00 "," $24,622.00 "," $46,366.00 ",," $9,645.00 ",,,,,," $56,011.00 "
Anderson County," $119,149.00 "," $479,496.00 "," $63,445.00 "," $662,090.00 ",," $38,486.00 "," $141,600.00 "," $20,000.00 ",,," $48,400.00 "," $910,576.00 "
Ashland Ind.," $114,477.00 "," $254,240.00 "," $59,287.00 "," $428,004.00 ",," $38,486.00 "," $94,400.00 ",,,," $48,400.00 "," $609,290.00 "
Augusta Ind.," $15,000.00 "," $53,952.00 "," $23,458.00 "," $92,410.00 ",," $9,645.00 "," $47,200.00 "," $20,000.00 ",,,," $169,255.00 "
Ballard County," $43,065.00 "," $239,412.00 "," $34,346.00 "," $316,823.00 ",," $19,091.00 "," $47,200.00 "," $20,000.00 ",,,," $403,114.00 "
Barbourville Ind.," $23,347.00 "," $64,068.00 "," $27,913.00 "," $115,328.00 ",," $19,091.00 ",,,,,," $134,419.00 "
Bardstown Ind.," $88,799.00 "," $461,791.00 "," $50,226.00 "," $600,816.00 ",," $23,966.00 ",," $20,000.00 ",,,," $644,782.00 "
Barren County," $169,320.00 "," $946,852.00 "," $77,949.00 "," $1,194,121.00 ",," $38,486.00 "," $330,400.00 "," $20,000.00 ",,," $48,400.00 "," $1,631,407.00 "
Bath County," $74,205.00 "," $162,866.00 "," $43,724.00 "," $280,795.00 ",," $19,505.00 ",," $20,000.00 ",,,," $320,300.00 "
Beechwood Ind.," $41,782.00 "," $70,474.00 "," $37,568.00 "," $149,824.00 "," $149,834.00 "," $19,091.00 ",,,,,," $318,749.00 "
Bell County," $103,354.00 "," $178,040.00 "," $51,226.00 "," $332,620.00 ",," $38,486.00 "," $47,200.00 "," $20,000.00 ",,,," $438,306.00 "
Bellevue Ind.," $22,426.00 "," $115,996.00 "," $27,395.00 "," $165,817.00 ",," $19,091.00 ",,,,,," $184,908.00 "
Berea Ind.," $38,963.00 "," $105,880.00 "," $33,129.00 "," $177,972.00 ",," $19,091.00 ",,,,,," $197,063.00 "
Boone County," $656,230.00 "," $1,725,595.00 "," $273,549.00 "," $2,655,374.00 "," $47,316.00 "," $68,307.00 "," $141,600.00 "," $20,000.00 ",,,," $2,932,597.00 "
Bourbon County," $96,067.00 "," $74,687.00 "," $52,966.00 "," $223,720.00 ",," $38,405.00 "," $141,600.00 "," $20,000.00 ",,,," $423,725.00 "
Bowling Green Ind.," $152,259.00 "," $385,752.00 "," $72,330.00 "," $610,341.00 "," $134,062.00 "," $38,486.00 "," $94,400.00 "," $20,000.00 ",,,," $897,289.00 "
Boyd County," $103,447.00 "," $224,403.00 "," $55,455.00 "," $383,305.00 "," $331,212.00 "," $38,486.00 ",," $20,000.00 ",,,," $773,003.00 "
Boyle County," $94,371.00 "," $411,718.00 "," $52,002.00 "," $558,091.00 "," $7,886.00 "," $38,405.00 "," $47,200.00 ",,,,," $651,582.00 "
Bracken County," $42,676.00 "," $192,369.00 "," $34,733.00 "," $269,778.00 ",," $19,091.00 ",,,,,," $288,869.00 "
Breathitt County," $67,026.00 "," $386,597.00 "," $41,640.00 "," $495,263.00 "," $157,720.00 "," $38,405.00 "," $141,600.00 ",,,,," $832,988.00 "
Breckinridge County," $99,297.00 "," $82,276.00 "," $52,309.00 "," $233,882.00 ",," $38,405.00 ",,,,,," $272,287.00 "
Bullitt County," $425,540.00 "," $1,083,571.00 "," $177,361.00 "," $1,686,472.00 "," $74,917.00 "," $68,081.00 "," $424,800.00 ",,,," $145,200.00 "," $2,399,470.00 "
Burgin Ind.," $16,649.00 "," $47,208.00 "," $25,952.00 "," $89,809.00 ",," $9,645.00 "," $47,200.00 ",,,,," $146,654.00 "
Butler County," $74,787.00 "," $171,972.00 "," $46,532.00 "," $293,291.00 "," $90,689.00 "," $38,405.00 ",," $20,000.00 ",,,," $442,385.00 "
Caldwell County," $68,520.00 "," $290,664.00 "," $43,309.00 "," $402,493.00 ",," $38,405.00 ",,,,,," $440,898.00 "
Calloway County," $108,832.00 "," $476,796.00 "," $55,780.00 "," $641,408.00 "," $27,601.00 "," $38,405.00 "," $141,600.00 ",,,," $48,400.00 "," $897,414.00 "
Campbell County/Silver Grove Ind," $180,913.00 "," $410,201.00 "," $101,875.00 "," $692,989.00 "," $43,373.00 "," $67,983.00 "," $94,400.00 "," $20,000.00 ",,," $48,400.00 "," $967,145.00 "
Campbellsville Ind.," $39,030.00 "," $166,576.00 "," $32,758.00 "," $238,364.00 ",," $19,091.00 "," $47,200.00 ",,,,," $304,655.00 "
Carlisle County," $24,601.00 "," $235,364.00 "," $28,722.00 "," $288,687.00 ",," $19,091.00 "," $47,200.00 ",,,,," $354,978.00 "
Carroll County," $70,733.00 "," $202,654.00 "," $43,733.00 "," $317,120.00 ",," $19,506.00 ",," $20,000.00 ",,,," $356,626.00 "
Carter County," $159,771.00 "," $315,954.00 "," $71,735.00 "," $547,460.00 ",," $58,239.00 "," $283,200.00 "," $20,000.00 ",,," $48,400.00 "," $957,299.00 "
Casey County," $90,063.00 "," $224,069.00 "," $48,122.00 "," $362,254.00 ",," $38,405.00 "," $47,200.00 "," $20,000.00 ",,,," $467,859.00 "
Caverna Ind.," $23,057.00 "," $174,837.00 "," $27,322.00 "," $225,216.00 ",," $19,091.00 "," $47,200.00 ",,,,," $291,507.00 "
Christian County," $316,715.00 "," $1,205,985.00 "," $122,278.00 "," $1,644,978.00 "," $201,093.00 "," $63,117.00 "," $283,200.00 "," $20,000.00 ",,,," $2,212,388.00 "
Clark County," $187,277.00 "," $949,037.00 "," $83,607.00 "," $1,219,921.00 "," $67,031.00 "," $58,239.00 "," $94,400.00 "," $20,000.00 ",,," $96,800.00 "," $1,556,391.00 "
Clay County," $118,506.00 "," $248,852.00 "," $57,136.00 "," $424,494.00 ",," $38,486.00 "," $330,400.00 "," $20,000.00 ",,,," $813,380.00 "
Clinton County," $65,855.00 "," $420,148.00 "," $40,498.00 "," $526,501.00 "," $315,440.00 "," $19,506.00 "," $47,200.00 "," $20,000.00 ",,," $48,400.00 "," $977,047.00 "
Cloverport Ind.," $15,000.00 "," $43,836.00 "," $24,470.00 "," $83,306.00 ",," $9,645.00 ",," $20,000.00 ",,,," $112,951.00 "
Corbin Ind.," $111,285.00 "," $253,906.00 "," $57,051.00 "," $422,242.00 "," $141,948.00 "," $38,405.00 "," $47,200.00 ",,,,," $649,795.00 "
Covington Ind.," $140,712.00 "," $1,285,734.00 "," $63,814.00 "," $1,490,260.00 "," $27,601.00 "," $58,239.00 "," $141,600.00 ",,,," $96,800.00 "," $1,814,500.00 "
Crittenden County," $46,779.00 "," $133,194.00 "," $36,078.00 "," $216,051.00 ",," $19,091.00 "," $47,200.00 "," $20,000.00 ",,,," $302,342.00 "
Cumberland County," $36,617.00 "," $134,542.00 "," $30,820.00 "," $201,979.00 ",," $19,091.00 "," $47,200.00 "," $20,000.00 ",,," $48,400.00 "," $336,670.00 "
Danville Ind.," $67,412.00 "," $358,104.00 "," $42,769.00 "," $468,285.00 "," $110,404.00 "," $19,506.00 "," $47,200.00 ",,,," $48,400.00 "," $693,795.00 "
Daviess County," $387,818.00 "," $1,607,422.00 "," $154,425.00 "," $2,149,665.00 "," $244,466.00 "," $68,081.00 "," $236,000.00 ",,,," $48,400.00 "," $2,746,612.00 "
Dawson Springs Ind.," $23,207.00 "," $99,136.00 "," $27,441.00 "," $149,784.00 ",," $19,091.00 ",,,,,," $168,875.00 "
Dayton Ind.," $35,236.00 "," $191,866.00 "," $30,861.00 "," $257,963.00 ",," $19,091.00 ",,,,,," $277,054.00 "
East Bernstadt Ind.," $17,757.00 "," $206,702.00 "," $25,883.00 "," $250,342.00 ",," $9,645.00 ",,,,,," $259,987.00 "
Edmonson County," $67,941.00 "," $377,664.00 "," $42,314.00 "," $487,919.00 ",," $38,405.00 ",," $20,000.00 ",,,," $546,324.00 "
Elizabethtown Ind.," $83,408.00 "," $314,940.00 "," $49,279.00 "," $447,627.00 "," $63,088.00 "," $38,405.00 ",,,,,," $549,120.00 "
Elliott County," $38,404.00 "," $24,952.00 "," $32,325.00 "," $95,681.00 ",," $19,091.00 "," $94,400.00 "," $20,000.00 ",,," $96,800.00 "," $325,972.00 "
Eminence Ind.," $29,002.00 "," $72,160.00 "," $30,981.00 "," $132,143.00 ",," $19,091.00 ",,,,,," $151,234.00 "
Erlanger-Elsmere Ind.," $92,346.00 "," $261,157.00 "," $49,824.00 "," $403,327.00 ",," $38,405.00 ",,,,,," $441,732.00 "
Estill County," $81,919.00 "," $328,770.00 "," $47,455.00 "," $458,144.00 ",," $38,406.00 "," $47,200.00 "," $20,000.00 ",,," $48,400.00 "," $612,150.00 "
Fairview Ind.," $24,962.00 "," $114,310.00 "," $28,339.00 "," $167,611.00 ",," $19,091.00 ",,,,,," $186,702.00 "
Fayette County," $1,392,373.00 "," $4,466,118.00 "," $523,078.00 "," $6,381,569.00 "," $244,466.00 "," $88,632.00 "," $1,227,200.00 "," $20,000.00 ",,," $290,400.00 "," $8,252,267.00 "
Fleming County," $81,552.00 "," $229,630.00 "," $46,717.00 "," $357,899.00 ",," $38,405.00 "," $47,200.00 ",,,,," $443,504.00 "
Floyd County," $221,390.00 "," $115,320.00 "," $86,799.00 "," $423,509.00 ",," $58,239.00 "," $188,800.00 "," $20,000.00 ",,,," $690,548.00 "
Fort Thomas Ind.," $86,905.00 "," $134,204.00 "," $58,168.00 "," $279,277.00 ",," $38,405.00 ",,,,,," $317,682.00 "
Frankfort Ind.," $28,892.00 "," $104,532.00 "," $30,244.00 "," $163,668.00 ",," $19,091.00 ",,,,,," $182,759.00 "
Franklin County," $216,583.00 "," $661,407.00 "," $96,981.00 "," $974,971.00 "," $86,746.00 "," $58,239.00 "," $188,800.00 "," $20,000.00 ",,," $48,400.00 "," $1,377,156.00 "
Fulton County," $21,584.00 "," $137,914.00 "," $27,018.00 "," $186,516.00 ",," $19,091.00 ",,,,,," $205,607.00 "
Fulton Ind.," $15,000.00 "," $62,382.00 "," $23,910.00 "," $101,292.00 ",," $19,091.00 ",," $20,000.00 ",,,," $140,383.00 "
Gallatin County," $56,076.00 "," $265,877.00 "," $38,268.00 "," $360,221.00 ",," $19,506.00 "," $47,200.00 ",,,," $48,400.00 "," $475,327.00 "
Garrard County," $92,236.00 "," $279,538.00 "," $50,948.00 "," $422,722.00 ",," $38,405.00 "," $141,600.00 "," $20,000.00 ",,,," $622,727.00 "
Glasgow Ind.," $82,551.00 "," $423,520.00 "," $47,173.00 "," $553,244.00 ",," $23,966.00 ",,,,,," $577,210.00 "
Grant County," $131,429.00 "," $371,592.00 "," $63,610.00 "," $566,631.00 ",," $38,486.00 ",," $20,000.00 ",,,," $625,117.00 "
Graves County," $146,570.00 "," $574,584.00 "," $69,993.00 "," $791,147.00 "," $82,803.00 "," $58,239.00 "," $47,200.00 "," $20,000.00 ",,,," $999,389.00 "
Grayson County," $152,983.00 "," $544,578.00 "," $70,130.00 "," $767,691.00 ",," $38,486.00 "," $141,600.00 "," $20,000.00 ",,," $145,200.00 "," $1,112,977.00 "
Green County," $58,131.00 "," $179,219.00 "," $39,246.00 "," $276,596.00 ",," $19,506.00 "," $47,200.00 ",,,,," $343,302.00 "
Greenup County," $102,392.00 "," $336,520.00 "," $53,419.00 "," $492,331.00 ",," $38,486.00 ",,,,,," $530,817.00 "
Hancock County," $55,834.00 "," $165,562.00 "," $40,199.00 "," $261,595.00 ",," $19,506.00 "," $47,200.00 "," $20,000.00 ",,,," $348,301.00 "
Hardin County," $506,060.00 "," $2,473,346.00 "," $196,018.00 "," $3,175,424.00 "," $106,461.00 "," $68,081.00 "," $47,200.00 "," $20,000.00 ",,,," $3,417,166.00 "
Harlan County," $148,562.00 "," $398,230.00 "," $65,428.00 "," $612,220.00 ",," $58,239.00 "," $141,600.00 "," $20,000.00 ",,," $145,200.00 "," $977,259.00 "
Harlan Ind.," $24,115.00 "," $213,277.00 "," $28,079.00 "," $265,471.00 ",," $19,091.00 "," $47,200.00 ",,,,," $331,762.00 "
Harrison County," $102,403.00 "," $297,408.00 "," $54,882.00 "," $454,693.00 ",," $38,486.00 "," $141,600.00 "," $20,000.00 ",,," $48,400.00 "," $703,179.00 "
Hart County," $83,165.00 "," $638,487.00 "," $47,438.00 "," $769,090.00 ",," $38,405.00 "," $188,800.00 ",,,," $48,400.00 "," $1,044,695.00 "
Hazard Ind.," $35,620.00 "," $137,914.00 "," $32,018.00 "," $205,552.00 ",," $19,091.00 "," $47,200.00 ",,,,," $271,843.00 "
Henderson County," $254,083.00 "," $1,140,231.00 "," $104,949.00 "," $1,499,263.00 ",," $58,239.00 "," $47,200.00 "," $20,000.00 ",,,," $1,624,702.00 "
Henry County," $73,346.00 "," $319,495.00 "," $45,451.00 "," $438,292.00 ",," $38,405.00 "," $141,600.00 ",,,,," $618,297.00 "
Hickman County," $25,249.00 "," $159,156.00 "," $28,629.00 "," $213,034.00 ",," $19,091.00 ",," $20,000.00 ",,,," $252,125.00 "
Hopkins County," $238,456.00 "," $811,634.00 "," $100,433.00 "," $1,150,523.00 "," $19,715.00 "," $58,239.00 ",,,,,," $1,228,477.00 "
Jackson County," $71,734.00 "," $269,591.00 "," $43,438.00 "," $384,763.00 "," $63,088.00 "," $38,405.00 "," $141,600.00 "," $20,000.00 ",,," $48,400.00 "," $696,256.00 "
Jackson Ind.," $15,000.00 "," $53,614.00 "," $24,060.00 "," $92,674.00 ",," $19,091.00 ",," $20,000.00 ",,,," $131,765.00 "
Jefferson County," $3,444,176.00 "," $10,475,529.00 "," $1,197,366.00 "," $15,117,071.00 "," $2,669,411.00 "," $148,284.00 "," $849,600.00 "," $20,000.00 ",,," $193,600.00 "," $18,997,966.00 "
Jenkins Ind.," $16,342.00 "," $59,010.00 "," $25,071.00 "," $100,423.00 ",," $19,091.00 "," $47,200.00 ",,,,," $166,714.00 "
Jessamine County," $289,006.00 "," $1,046,994.00 "," $120,760.00 "," $1,456,760.00 "," $114,347.00 "," $58,239.00 "," $47,200.00 "," $20,000.00 ",,," $48,400.00 "," $1,744,946.00 "
Johnson County," $130,795.00 "," $71,484.00 "," $61,870.00 "," $264,149.00 ",," $38,486.00 "," $94,400.00 "," $20,000.00 ",,,," $417,035.00 "
Kenton County," $458,336.00 "," $1,391,767.00 "," $192,107.00 "," $2,042,210.00 "," $106,461.00 "," $68,081.00 "," $283,200.00 "," $20,000.00 ",,,," $2,519,952.00 "
Knott County," $84,736.00 "," $179,726.00 "," $46,196.00 "," $310,658.00 ",," $38,405.00 "," $141,600.00 "," $20,000.00 ",,,," $510,663.00 "
Knox County," $165,878.00 "," $424,196.00 "," $70,364.00 "," $660,438.00 "," $272,067.00 "," $58,834.00 "," $283,200.00 ",,,," $48,400.00 "," $1,322,939.00 "
LaRue County," $87,026.00 "," $171,465.00 "," $48,730.00 "," $307,221.00 "," $161,663.00 "," $38,405.00 "," $94,400.00 "," $20,000.00 ",,," $96,800.00 "," $718,489.00 "
Laurel County," $342,089.00 "," $1,026,424.00 "," $127,552.00 "," $1,496,065.00 "," $98,575.00 "," $63,117.00 "," $47,200.00 ",,,,," $1,704,957.00 "
Lawrence County," $88,151.00 "," $349,843.00 "," $49,433.00 "," $487,427.00 ",," $38,405.00 "," $47,200.00 "," $20,000.00 ",,,," $593,032.00 "
Lee County," $36,883.00 ", $-   ," $31,200.00 "," $68,083.00 ",," $19,091.00 "," $47,200.00 ",,,," $48,400.00 "," $182,774.00 "
Leslie County," $63,878.00 "," $306,852.00 "," $40,483.00 "," $411,213.00 ",," $38,405.00 "," $94,400.00 "," $20,000.00 ",,,," $564,018.00 "
Letcher County," $113,075.00 "," $161,180.00 "," $56,279.00 "," $330,534.00 ",," $38,486.00 "," $141,600.00 "," $20,000.00 ",,,," $530,620.00 "
Lewis County," $82,179.00 "," $201,978.00 "," $46,372.00 "," $330,529.00 ",," $38,405.00 ",,,,," $48,400.00 "," $417,334.00 "
Lincoln County," $132,377.00 "," $93,402.00 "," $63,928.00 "," $289,707.00 ",," $38,486.00 "," $141,600.00 "," $20,000.00 ",,," $48,400.00 "," $538,193.00 "
Livingston County," $41,231.00 "," $102,508.00 "," $33,881.00 "," $177,620.00 ",," $19,091.00 ",," $20,000.00 ",,," $48,400.00 "," $265,111.00 "
Logan County," $119,685.00 "," $578,125.00 "," $61,959.00 "," $759,769.00 ",," $38,486.00 "," $236,000.00 ",,,," $193,600.00 "," $1,227,855.00 "
Ludlow Ind.," $29,034.00 "," $122,064.00 "," $29,623.00 "," $180,721.00 ",," $19,091.00 ",,,,," $48,400.00 "," $248,212.00 "
Lyon County," $32,842.00 "," $122,740.00 "," $31,112.00 "," $186,694.00 ",," $19,091.00 "," $47,200.00 "," $20,000.00 ",,,," $272,985.00 "
Madison County," $406,779.00 "," $1,032,665.00 "," $163,532.00 "," $1,602,976.00 "," $47,316.00 "," $63,117.00 "," $472,000.00 "," $20,000.00 ",,," $484,000.00 "," $2,689,409.00 "
Magoffin County," $76,084.00 "," $44,846.00 "," $44,137.00 "," $165,067.00 ",," $38,405.00 "," $94,400.00 "," $20,000.00 ",,,," $317,872.00 "
Marion County," $114,225.00 "," $367,206.00 "," $58,268.00 "," $539,699.00 ",," $38,486.00 "," $94,400.00 "," $20,000.00 ",,,," $692,585.00 "
Marshall County," $154,078.00 "," $513,043.00 "," $75,911.00 "," $743,032.00 "," $43,373.00 "," $58,239.00 "," $283,200.00 "," $20,000.00 ",,," $145,200.00 "," $1,293,044.00 "
Martin County," $66,891.00 "," $6,744.00 "," $41,910.00 "," $115,545.00 ",," $38,405.00 "," $94,400.00 ",,,," $96,800.00 "," $345,150.00 "
Mason County," $90,841.00 "," $410,032.00 "," $51,187.00 "," $552,060.00 ",," $38,405.00 ",," $20,000.00 ",,,," $610,465.00 "
Mayfield Ind.," $71,096.00 "," $368,051.00 "," $42,219.00 "," $481,366.00 ",," $19,506.00 "," $47,200.00 ",,,,," $548,072.00 "
McCracken County," $241,396.00 "," $1,028,110.00 "," $106,156.00 "," $1,375,662.00 "," $122,233.00 "," $58,239.00 "," $141,600.00 ",,,,," $1,697,734.00 "
McCreary County," $109,614.00 "," $513,888.00 "," $53,610.00 "," $677,112.00 ",," $38,486.00 ",," $20,000.00 ",,,," $735,598.00 "
McLean County," $49,160.00 "," $172,982.00 "," $37,296.00 "," $259,438.00 ",," $19,506.00 "," $47,200.00 "," $20,000.00 ",,,," $346,144.00 "
Meade County," $170,686.00 "," $413,573.00 "," $79,164.00 "," $663,423.00 ",," $58,239.00 "," $188,800.00 ",,,,," $910,462.00 "
Menifee County," $38,910.00 "," $11,802.00 "," $32,755.00 "," $83,467.00 "," $15,772.00 "," $19,091.00 ",," $20,000.00 ",,,," $138,330.00 "
Mercer County," $92,226.00 "," $492,135.00 "," $53,049.00 "," $637,410.00 "," $51,259.00 "," $58,246.00 "," $47,200.00 ",,,,," $794,115.00 "
Metcalfe County," $52,698.00 "," $224,238.00 "," $37,502.00 "," $314,438.00 ",," $19,506.00 "," $47,200.00 "," $20,000.00 ",,,," $401,144.00 "
Middlesboro Ind.," $39,496.00 "," $135,552.00 "," $32,895.00 "," $207,943.00 "," $19,715.00 "," $19,506.00 "," $47,200.00 ",,,,," $294,364.00 "
Monroe County," $67,989.00 "," $317,809.00 "," $41,461.00 "," $427,259.00 ",," $38,405.00 "," $94,400.00 "," $20,000.00 ",,,," $580,064.00 "
Montgomery County," $161,501.00 "," $631,401.00 "," $75,040.00 "," $867,942.00 "," $145,891.00 "," $38,486.00 "," $94,400.00 "," $20,000.00 ",,,," $1,166,719.00 "
Morgan County," $74,402.00 "," $13,488.00 "," $43,927.00 "," $131,817.00 "," $86,746.00 "," $38,405.00 ",," $20,000.00 ",,,," $276,968.00 "
Muhlenberg County," $158,850.00 "," $576,097.00 "," $75,085.00 "," $810,032.00 ",," $58,239.00 "," $47,200.00 "," $20,000.00 ",,,," $935,471.00 "
Murray Ind.," $58,641.00 "," $239,911.00 "," $40,327.00 "," $338,879.00 ",," $19,506.00 "," $47,200.00 "," $20,000.00 ",,,," $425,585.00 "
Nelson County," $147,829.00 "," $427,230.00 "," $73,363.00 "," $648,422.00 ",," $58,239.00 "," $188,800.00 ",,,," $48,400.00 "," $943,861.00 "
Newport Ind.," $59,603.00 "," $195,576.00 "," $38,383.00 "," $293,562.00 "," $102,518.00 "," $38,405.00 "," $94,400.00 ",,,," $96,800.00 "," $625,685.00 "
Nicholas County," $38,600.00 "," $107,904.00 "," $32,683.00 "," $179,187.00 ",," $19,091.00 ",,,,,," $198,278.00 "
Ohio County," $151,014.00 "," $454,540.00 "," $69,738.00 "," $675,292.00 "," $98,575.00 "," $38,486.00 "," $47,200.00 ",,,,," $859,553.00 "
Oldham County," $372,646.00 "," $765,766.00 "," $176,426.00 "," $1,314,838.00 ",," $63,117.00 ",," $20,000.00 ",,," $48,400.00 "," $1,446,355.00 "
Owen County," $65,693.00 "," $291,678.00 "," $42,287.00 "," $399,658.00 ",," $23,966.00 ",," $20,000.00 ",,,," $443,624.00 "
Owensboro Ind.," $181,563.00 "," $815,851.00 "," $78,150.00 "," $1,075,564.00 "," $35,487.00 "," $38,486.00 "," $236,000.00 ",,,," $193,600.00 "," $1,579,137.00 "
Owsley County," $27,757.00 "," $43,498.00 "," $28,159.00 "," $99,414.00 ",," $19,091.00 ",," $20,000.00 ",,,," $138,505.00 "
Paducah Ind.," $111,694.00 "," $146,847.00 "," $55,653.00 "," $314,194.00 ",," $38,486.00 ",,,,,," $352,680.00 "
Paintsville Ind.," $27,793.00 ", $-   ," $29,689.00 "," $57,482.00 ",," $19,091.00 "," $47,200.00 ",,,,," $123,773.00 "
Paris Ind.," $24,199.00 "," $119,030.00 "," $27,958.00 "," $171,187.00 ",," $19,091.00 "," $47,200.00 ",,,," $48,400.00 "," $285,878.00 "
Pendleton County," $82,631.00 "," $298,084.00 "," $47,857.00 "," $428,572.00 ",," $38,405.00 "," $94,400.00 "," $20,000.00 ",,,," $581,377.00 "
Perry County," $146,031.00 "," $623,478.00 "," $66,684.00 "," $836,193.00 "," $90,689.00 "," $58,239.00 "," $47,200.00 "," $20,000.00 ",,,," $1,052,321.00 "
Pike County," $311,920.00 "," $157,977.00 "," $119,303.00 "," $589,200.00 "," $27,601.00 "," $67,946.00 "," $94,400.00 "," $20,000.00 ",,," $48,400.00 "," $847,547.00 "
Pikeville Ind.," $38,953.00 "," $31,189.00 "," $34,751.00 "," $104,893.00 ",," $19,091.00 ",,,,,," $123,984.00 "
Pineville Ind.," $21,330.00 "," $72,329.00 "," $26,927.00 "," $120,586.00 ",," $19,091.00 ",,,,,," $139,677.00 "
Powell County," $81,322.00 "," $121,054.00 "," $46,863.00 "," $249,239.00 ",," $38,405.00 ",," $20,000.00 ",,,," $307,644.00 "
Pulaski County," $315,725.00 "," $1,031,486.00 "," $120,469.00 "," $1,467,680.00 "," $208,979.00 "," $58,956.00 ",," $20,000.00 ",,," $193,600.00 "," $1,949,215.00 "
Raceland Ind.," $36,286.00 "," $152,412.00 "," $32,567.00 "," $221,265.00 "," $212,922.00 "," $19,091.00 ",,,,,," $453,278.00 "
Robertson County," $16,153.00 "," $62,044.00 "," $25,003.00 "," $103,200.00 ",," $9,744.00 ",," $20,000.00 ",,,," $132,944.00 "
Rockcastle County," $104,676.00 "," $206,195.00 "," $52,858.00 "," $363,729.00 ",," $38,405.00 ",," $20,000.00 ",,,," $422,134.00 "
Rowan County," $118,445.00 "," $522,149.00 "," $59,337.00 "," $699,931.00 "," $78,860.00 "," $38,486.00 ",," $20,000.00 ",,,," $837,277.00 "
Russell County," $113,351.00 "," $342,592.00 "," $56,413.00 "," $512,356.00 ",," $38,405.00 "," $47,200.00 "," $20,000.00 ",,,," $617,961.00 "
Russell Ind.," $74,759.00 "," $149,374.00 "," $47,869.00 "," $272,002.00 ",," $38,405.00 "," $47,200.00 "," $20,000.00 ",,,," $377,607.00 "
Russellville Ind.," $37,081.00 "," $204,171.00 "," $32,051.00 "," $273,303.00 ",," $19,091.00 "," $47,200.00 "," $20,000.00 ",,,," $359,594.00 "
Science Hill Ind.," $15,000.00 "," $60,358.00 "," $24,575.00 "," $99,933.00 ",," $9,744.00 ",,,,,," $109,677.00 "
Scott County," $299,797.00 "," $1,283,702.00 "," $133,749.00 "," $1,717,248.00 ",," $58,239.00 "," $188,800.00 ",,,," $145,200.00 "," $2,109,487.00 "
Shelby County," $232,482.00 "," $863,055.00 "," $105,584.00 "," $1,201,121.00 "," $27,601.00 "," $58,239.00 "," $283,200.00 ",,,,," $1,570,161.00 "
Simpson County," $106,767.00 "," $423,182.00 "," $55,464.00 "," $585,413.00 ",," $38,486.00 ",," $20,000.00 ",,," $48,400.00 "," $692,299.00 "
Somerset Ind.," $60,130.00 "," $192,035.00 "," $39,819.00 "," $291,984.00 ",," $19,506.00 "," $47,200.00 ",,,,," $358,690.00 "
Southgate Ind.," $15,000.00 "," $41,812.00 "," $22,214.00 "," $79,026.00 ",," $9,744.00 ",,,,,," $88,770.00 "
Spencer County," $100,961.00 "," $336,186.00 "," $56,701.00 "," $493,848.00 ",," $38,405.00 "," $94,400.00 ",,,,," $626,653.00 "
Taylor County," $96,638.00 "," $267,567.00 "," $52,063.00 "," $416,268.00 ",," $38,405.00 ",,,,,," $454,673.00 "
Todd County," $64,953.00 "," $631,743.00 "," $42,654.00 "," $739,350.00 ",," $38,405.00 "," $47,200.00 "," $20,000.00 ",,," $48,400.00 "," $893,355.00 "
Trigg County," $69,262.00 "," $255,596.00 "," $44,193.00 "," $369,051.00 ",," $38,405.00 ",," $20,000.00 ",,,," $427,456.00 "
Trimble County," $41,924.00 "," $151,064.00 "," $34,537.00 "," $227,525.00 ",," $19,506.00 ",," $20,000.00 ",,,," $267,031.00 "
Union County," $73,225.00 "," $265,543.00 "," $45,850.00 "," $384,618.00 ",," $38,405.00 ",," $20,000.00 ",,,," $443,023.00 "
Walton Verona Ind.," $56,342.00 "," $223,900.00 "," $41,187.00 "," $321,429.00 ",," $19,091.00 "," $47,200.00 ",,,,," $387,720.00 "
Warren County," $562,579.00 "," $2,504,032.00 "," $216,020.00 "," $3,282,631.00 "," $331,212.00 "," $68,081.00 "," $141,600.00 ",,,," $48,400.00 "," $3,871,924.00 "
Washington County," $58,937.00 "," $221,876.00 "," $40,196.00 "," $321,009.00 ",," $19,506.00 "," $94,400.00 "," $20,000.00 ",,,," $454,915.00 "
Wayne County," $116,781.00 "," $497,873.00 "," $57,116.00 "," $671,770.00 "," $279,953.00 "," $57,497.00 "," $94,400.00 "," $20,000.00 ",,," $48,400.00 "," $1,172,020.00 "
Webster County," $75,693.00 "," $226,427.00 "," $46,521.00 "," $348,641.00 ",," $33,953.00 ",," $20,000.00 ",,,," $402,594.00 "
West Point Ind.," $15,000.00 "," $40,464.00 "," $21,378.00 "," $76,842.00 ",," $9,744.00 ",,,,,," $86,586.00 "
Whitley County," $163,938.00 "," $436,163.00 "," $68,706.00 "," $668,807.00 ",," $58,239.00 "," $283,200.00 ",,,," $290,400.00 "," $1,300,646.00 "
Williamsburg Ind.," $29,116.00 "," $163,204.00 "," $29,585.00 "," $221,905.00 ",," $19,091.00 "," $47,200.00 ",,,,," $288,196.00 "
Williamstown Ind.," $27,591.00 "," $47,208.00 "," $29,977.00 "," $104,776.00 ",," $19,091.00 ",,,,,," $123,867.00 "
Wolfe County," $49,641.00 ", $-   ," $35,202.00 "," $84,843.00 "," $138,005.00 "," $19,091.00 "," $94,400.00 "," $20,000.00 ",,," $48,400.00 "," $404,739.00 "
Woodford County," $136,820.00 "," $452,685.00 "," $68,797.00 "," $658,302.00 ",," $38,486.00 "," $141,600.00 "," $20,000.00 ",,,," $858,388.00 "
District Totals," $23,407,974.00 "," $76,968,311.00 "," $11,468,045.00 "," $111,844,330.00 "," $8,583,911.00 "," $6,179,227.00 "," $14,160,000.00 "," $1,860,000.00 ", $-   , $-   ," $4,694,800.00 "," $147,322,268.00 "
KSB," $15,000.00 ", $-   ," $20,000.00 ", $-   , $-   ," $11,000.00 ", $-   , $-   , $-   , $-   , $-   ," $46,000.00 "
KSD," $15,000.00 "," $19,218.00 "," $20,000.00 ", $-   , $-   ," $11,000.00 ", $-   , $-   , $-   , $-   , $-   ," $65,218.00 "
Grand Totals," $23,437,974.00 "," $76,987,529.00 "," $11,508,045.00 "," $111,844,330.00 "," $8,583,911.00 "," $6,201,227.00 "," $14,160,000.00 "," $1,860,000.00 ", $-   , $-   ," $4,694,800.00 "," $147,433,486.00 "
,,,,,,,,,,,,
"Any grants not listed, please contact Teri Mason at teri.mason@education.ky.gov or 502.564.1979",,,,,,,,,,,,